<?xml version="1.0" encoding="UTF-8" standalone="yes"?>
<addon id="plugin.video.daka.tora" name="דקה תורה" version="1.0.7" provider-name="Lidor Malich">
  <requires>
    <import addon="xbmc.python" version="2.1.0"/>
	<import addon="script.featherence.service" version="1.0.0"/>
  </requires>
  <extension point="xbmc.python.pluginsource" library="default.py">
    <provides>video</provides>
  </extension>
  <extension point="xbmc.addon.metadata">
	<platform>all</platform>
    <summary lang="he">רגע של תורה</summary>
	<description lang="he">מאפיינים:
-תוכן יהודי עשיר לכל דורש
- מצב טלוויזיה חכם: ניגון אוטומטי של התכנים בכפתור הנבחר, עד 40 פריטים  שונים בפלייליסט אחד, אפשרות לאקראי.
- ניגון אקראי: ניגון אוטומטי של כל הכפתורים בחלון הנוכחי באקראי וברצף.
- תפריטים אישיים: אפשרות ליצור פאנארט אישי לכל כפתור.
	</description>
  </extension>
</addon>
